symbol,date,open,high,low,close,volume,ingestion_timestamp,source_system,pipeline_run_id
RELIANCE.NS,2026-02-20,3889.49,3956.18,3781.62,3920.32,4344635,2026-03-22 11:24:35.246924,yfinance,20260322_112435
RELIANCE.NS,2026-02-23,3881.62,3982.18,3775.04,3962.12,3138078,2026-03-22 11:24:35.246924,yfinance,20260322_112435
RELIANCE.NS,2026-02-24,3839.8,3911.97,3829.41,3887.75,9302708,2026-03-22 11:24:35.246924,yfinance,20260322_112435
RELIANCE.NS,2026-02-25,3812.36,3885.59,3765.46,3807.32,7293533,2026-03-22 11:24:35.246924,yfinance,20260322_112435
RELIANCE.NS,2026-02-26,3897.4,3900.32,3880.36,3894.21,2496615,2026-03-22 11:24:35.246924,yfinance,20260322_112435
RELIANCE.NS,2026-02-27,3828.76,3931.11,3827.85,3866.67,2121823,2026-03-22 11:24:35.246924,yfinance,20260322_112435
RELIANCE.NS,2026-03-02,4057.48,4121.33,3946.08,4000.13,6753233,2026-03-22 11:24:35.246924,yfinance,20260322_112435
RELIANCE.NS,2026-03-03,3947.47,4058.26,3839.37,3942.19,4919877,2026-03-22 11:24:35.246924,yfinance,20260322_112435
RELIANCE.NS,2026-03-04,3900.46,4000.12,3851.93,3937.51,7216511,2026-03-22 11:24:35.246924,yfinance,20260322_112435
RELIANCE.NS,2026-03-05,3951.59,4019.15,3944.56,3987.41,8914116,2026-03-22 11:24:35.246924,yfinance,20260322_112435
RELIANCE.NS,2026-03-06,4084.91,4182.36,3964.39,3971.07,5806968,2026-03-22 11:24:35.246924,yfinance,20260322_112435
RELIANCE.NS,2026-03-09,4147.59,4225.23,4132.34,4184.77,9230366,2026-03-22 11:24:35.246924,yfinance,20260322_112435
RELIANCE.NS,2026-03-10,4092.24,4147.72,4074.69,4145.23,6810730,2026-03-22 11:24:35.246924,yfinance,20260322_112435
RELIANCE.NS,2026-03-11,4213.89,4240.92,4173.87,4208.32,1238097,2026-03-22 11:24:35.246924,yfinance,20260322_112435
RELIANCE.NS,2026-03-12,4324.49,4343.64,4238.56,4241.87,5252894,2026-03-22 11:24:35.246924,yfinance,20260322_112435
RELIANCE.NS,2026-03-13,4185.52,4301.68,4115.06,4238.91,4929976,2026-03-22 11:24:35.246924,yfinance,20260322_112435
RELIANCE.NS,2026-03-16,4375.9,4433.31,4322.9,4324.23,3150855,2026-03-22 11:24:35.246924,yfinance,20260322_112435
RELIANCE.NS,2026-03-17,4403.4,4466.55,4292.12,4312.24,8910773,2026-03-22 11:24:35.246924,yfinance,20260322_112435
RELIANCE.NS,2026-03-18,4282.61,4301.64,4165.58,4167.07,8001406,2026-03-22 11:24:35.246924,yfinance,20260322_112435
RELIANCE.NS,2026-03-19,4009.61,4031.33,3937.63,4024.14,9963724,2026-03-22 11:24:35.246924,yfinance,20260322_112435
RELIANCE.NS,2026-03-20,4205.8,4210.85,4107.99,4126.25,1422234,2026-03-22 11:24:35.246924,yfinance,20260322_112435
TCS.NS,2026-02-20,5202.97,5281.45,5163.86,5276.32,7450387,2026-03-22 11:24:35.246924,yfinance,20260322_112435
TCS.NS,2026-02-23,5518.77,5522.68,5470.73,5479.66,4566563,2026-03-22 11:24:35.246924,yfinance,20260322_112435
TCS.NS,2026-02-24,5654.63,5724.12,5624.79,5639.78,4410629,2026-03-22 11:24:35.246924,yfinance,20260322_112435
TCS.NS,2026-02-25,5473.0,5492.87,5342.35,5353.23,8848697,2026-03-22 11:24:35.246924,yfinance,20260322_112435
TCS.NS,2026-02-26,5156.98,5162.31,5009.66,5088.65,2720844,2026-03-22 11:24:35.246924,yfinance,20260322_112435
TCS.NS,2026-02-27,4916.7,5020.98,4861.56,5004.88,1018450,2026-03-22 11:24:35.246924,yfinance,20260322_112435
TCS.NS,2026-03-02,4798.14,4848.58,4686.42,4768.92,917382,2026-03-22 11:24:35.246924,yfinance,20260322_112435
TCS.NS,2026-03-03,4955.2,5048.25,4928.27,5037.48,4592111,2026-03-22 11:24:35.246924,yfinance,20260322_112435
TCS.NS,2026-03-04,4980.14,4982.99,4936.15,4964.46,5219899,2026-03-22 11:24:35.246924,yfinance,20260322_112435
TCS.NS,2026-03-05,5050.04,5060.6,4900.17,5001.64,3246598,2026-03-22 11:24:35.246924,yfinance,20260322_112435
TCS.NS,2026-03-06,4955.09,5031.68,4897.45,4931.5,7438146,2026-03-22 11:24:35.246924,yfinance,20260322_112435
TCS.NS,2026-03-09,4963.24,4996.04,4952.46,4975.62,5996370,2026-03-22 11:24:35.246924,yfinance,20260322_112435
TCS.NS,2026-03-10,5201.06,5348.61,5109.97,5241.03,6807263,2026-03-22 11:24:35.246924,yfinance,20260322_112435
TCS.NS,2026-03-11,5201.73,5250.68,5159.11,5189.24,6357302,2026-03-22 11:24:35.246924,yfinance,20260322_112435
TCS.NS,2026-03-12,5181.57,5292.59,5076.3,5210.61,6675332,2026-03-22 11:24:35.246924,yfinance,20260322_112435
TCS.NS,2026-03-13,5072.46,5153.47,4920.5,5056.96,5403372,2026-03-22 11:24:35.246924,yfinance,20260322_112435
TCS.NS,2026-03-16,5033.08,5149.76,4903.41,5019.8,3867690,2026-03-22 11:24:35.246924,yfinance,20260322_112435
TCS.NS,2026-03-17,5269.9,5369.63,5242.32,5269.47,9909075,2026-03-22 11:24:35.246924,yfinance,20260322_112435
TCS.NS,2026-03-18,5374.31,5532.33,5349.02,5489.64,2164737,2026-03-22 11:24:35.246924,yfinance,20260322_112435
TCS.NS,2026-03-19,5714.41,5833.5,5659.83,5796.55,5753943,2026-03-22 11:24:35.246924,yfinance,20260322_112435
TCS.NS,2026-03-20,6007.4,6054.77,5892.35,5990.47,2241082,2026-03-22 11:24:35.246924,yfinance,20260322_112435
HDFCBANK.NS,2026-02-20,4867.23,4879.26,4841.67,4852.86,5810227,2026-03-22 11:24:35.246924,yfinance,20260322_112435
HDFCBANK.NS,2026-02-23,4887.92,4907.02,4841.39,4842.72,9206499,2026-03-22 11:24:35.246924,yfinance,20260322_112435
HDFCBANK.NS,2026-02-24,4779.31,4895.52,4678.95,4782.72,8822519,2026-03-22 11:24:35.246924,yfinance,20260322_112435
HDFCBANK.NS,2026-02-25,4903.93,4952.13,4899.46,4906.41,8731246,2026-03-22 11:24:35.246924,yfinance,20260322_112435
HDFCBANK.NS,2026-02-26,5045.29,5176.57,4995.92,5119.32,3806613,2026-03-22 11:24:35.246924,yfinance,20260322_112435
HDFCBANK.NS,2026-02-27,5160.07,5244.42,5094.25,5156.76,3653094,2026-03-22 11:24:35.246924,yfinance,20260322_112435
HDFCBANK.NS,2026-03-02,5161.05,5279.9,5114.86,5269.8,3575232,2026-03-22 11:24:35.246924,yfinance,20260322_112435
HDFCBANK.NS,2026-03-03,5455.03,5563.39,5310.97,5455.59,8947244,2026-03-22 11:24:35.246924,yfinance,20260322_112435
HDFCBANK.NS,2026-03-04,5705.97,5740.02,5643.94,5662.5,6180462,2026-03-22 11:24:35.246924,yfinance,20260322_112435
HDFCBANK.NS,2026-03-05,5818.69,5967.64,5706.42,5779.91,7500180,2026-03-22 11:24:35.246924,yfinance,20260322_112435
HDFCBANK.NS,2026-03-06,5597.25,5718.76,5571.29,5647.5,2408452,2026-03-22 11:24:35.246924,yfinance,20260322_112435
HDFCBANK.NS,2026-03-09,5653.77,5801.51,5649.82,5772.32,4118966,2026-03-22 11:24:35.246924,yfinance,20260322_112435
HDFCBANK.NS,2026-03-10,5996.63,6012.19,5880.36,6008.85,8784063,2026-03-22 11:24:35.246924,yfinance,20260322_112435
HDFCBANK.NS,2026-03-11,6077.75,6082.1,5996.83,6012.22,6106010,2026-03-22 11:24:35.246924,yfinance,20260322_112435
HDFCBANK.NS,2026-03-12,6158.11,6321.53,6088.72,6131.25,5597046,2026-03-22 11:24:35.246924,yfinance,20260322_112435
HDFCBANK.NS,2026-03-13,6411.16,6533.34,6239.54,6390.74,5937192,2026-03-22 11:24:35.246924,yfinance,20260322_112435
HDFCBANK.NS,2026-03-16,6251.91,6305.77,6157.45,6201.03,8342239,2026-03-22 11:24:35.246924,yfinance,20260322_112435
HDFCBANK.NS,2026-03-17,6049.57,6126.1,5895.07,5976.73,2874380,2026-03-22 11:24:35.246924,yfinance,20260322_112435
HDFCBANK.NS,2026-03-18,5762.59,5930.96,5658.25,5734.41,5629400,2026-03-22 11:24:35.246924,yfinance,20260322_112435
HDFCBANK.NS,2026-03-19,5919.05,6058.48,5766.66,5785.41,8327124,2026-03-22 11:24:35.246924,yfinance,20260322_112435
HDFCBANK.NS,2026-03-20,5792.71,5867.0,5662.01,5770.64,422534,2026-03-22 11:24:35.246924,yfinance,20260322_112435
INFY.NS,2026-02-20,971.08,974.61,959.62,960.83,2815339,2026-03-22 11:24:35.246924,yfinance,20260322_112435
INFY.NS,2026-02-23,917.19,930.32,901.71,925.93,6514803,2026-03-22 11:24:35.246924,yfinance,20260322_112435
INFY.NS,2026-02-24,929.31,939.87,908.0,916.07,4514158,2026-03-22 11:24:35.246924,yfinance,20260322_112435
INFY.NS,2026-02-25,889.55,893.38,875.14,886.47,3848629,2026-03-22 11:24:35.246924,yfinance,20260322_112435
INFY.NS,2026-02-26,910.94,922.64,893.96,895.18,3050930,2026-03-22 11:24:35.246924,yfinance,20260322_112435
INFY.NS,2026-02-27,909.86,931.07,890.95,919.55,4045311,2026-03-22 11:24:35.246924,yfinance,20260322_112435
INFY.NS,2026-03-02,898.82,902.83,878.76,891.93,7590152,2026-03-22 11:24:35.246924,yfinance,20260322_112435
INFY.NS,2026-03-03,908.15,922.01,905.67,915.11,3759192,2026-03-22 11:24:35.246924,yfinance,20260322_112435
INFY.NS,2026-03-04,901.15,918.18,888.46,909.56,365381,2026-03-22 11:24:35.246924,yfinance,20260322_112435
INFY.NS,2026-03-05,897.38,904.84,873.24,874.64,2743582,2026-03-22 11:24:35.246924,yfinance,20260322_112435
INFY.NS,2026-03-06,917.11,919.58,909.78,917.85,3442634,2026-03-22 11:24:35.246924,yfinance,20260322_112435
INFY.NS,2026-03-09,898.5,899.05,896.17,897.59,2317211,2026-03-22 11:24:35.246924,yfinance,20260322_112435
INFY.NS,2026-03-10,917.67,918.71,903.08,915.3,4472115,2026-03-22 11:24:35.246924,yfinance,20260322_112435
INFY.NS,2026-03-11,908.54,920.72,884.46,908.76,1898864,2026-03-22 11:24:35.246924,yfinance,20260322_112435
INFY.NS,2026-03-12,926.55,945.17,924.65,928.19,2803156,2026-03-22 11:24:35.246924,yfinance,20260322_112435
INFY.NS,2026-03-13,897.99,910.24,884.01,899.01,2221870,2026-03-22 11:24:35.246924,yfinance,20260322_112435
INFY.NS,2026-03-16,888.87,894.23,886.01,888.85,8796802,2026-03-22 11:24:35.246924,yfinance,20260322_112435
INFY.NS,2026-03-17,904.81,914.73,897.14,900.73,8285799,2026-03-22 11:24:35.246924,yfinance,20260322_112435
INFY.NS,2026-03-18,881.19,902.41,860.27,868.23,9572789,2026-03-22 11:24:35.246924,yfinance,20260322_112435
INFY.NS,2026-03-19,869.6,886.45,855.96,881.13,2546855,2026-03-22 11:24:35.246924,yfinance,20260322_112435
INFY.NS,2026-03-20,839.78,852.51,815.67,846.44,724466,2026-03-22 11:24:35.246924,yfinance,20260322_112435
ICICIBANK.NS,2026-02-20,414.45,416.82,409.94,412.48,2273337,2026-03-22 11:24:35.246924,yfinance,20260322_112435
ICICIBANK.NS,2026-02-23,405.83,415.12,393.69,409.35,556509,2026-03-22 11:24:35.246924,yfinance,20260322_112435
ICICIBANK.NS,2026-02-24,426.67,426.86,417.46,419.82,5990010,2026-03-22 11:24:35.246924,yfinance,20260322_112435
ICICIBANK.NS,2026-02-25,423.61,426.2,416.39,422.57,9684481,2026-03-22 11:24:35.246924,yfinance,20260322_112435
ICICIBANK.NS,2026-02-26,434.76,439.06,431.38,434.81,5989346,2026-03-22 11:24:35.246924,yfinance,20260322_112435
ICICIBANK.NS,2026-02-27,436.1,443.51,426.51,439.43,8802359,2026-03-22 11:24:35.246924,yfinance,20260322_112435
ICICIBANK.NS,2026-03-02,458.8,471.21,451.64,457.05,4550088,2026-03-22 11:24:35.246924,yfinance,20260322_112435
ICICIBANK.NS,2026-03-03,454.98,457.99,448.78,454.41,8850179,2026-03-22 11:24:35.246924,yfinance,20260322_112435
ICICIBANK.NS,2026-03-04,470.8,478.39,469.02,472.17,8652162,2026-03-22 11:24:35.246924,yfinance,20260322_112435
ICICIBANK.NS,2026-03-05,468.57,474.93,454.9,463.97,5859845,2026-03-22 11:24:35.246924,yfinance,20260322_112435
ICICIBANK.NS,2026-03-06,467.62,475.2,460.64,474.42,6208031,2026-03-22 11:24:35.246924,yfinance,20260322_112435
ICICIBANK.NS,2026-03-09,494.05,495.86,483.55,492.11,7881728,2026-03-22 11:24:35.246924,yfinance,20260322_112435
ICICIBANK.NS,2026-03-10,473.98,475.17,462.82,467.96,5255605,2026-03-22 11:24:35.246924,yfinance,20260322_112435
ICICIBANK.NS,2026-03-11,486.02,487.2,477.21,480.09,9971876,2026-03-22 11:24:35.246924,yfinance,20260322_112435
ICICIBANK.NS,2026-03-12,463.82,477.33,453.3,476.49,6228857,2026-03-22 11:24:35.246924,yfinance,20260322_112435
ICICIBANK.NS,2026-03-13,459.99,471.04,459.96,467.64,1369331,2026-03-22 11:24:35.246924,yfinance,20260322_112435
ICICIBANK.NS,2026-03-16,478.37,487.72,475.32,484.2,2972379,2026-03-22 11:24:35.246924,yfinance,20260322_112435
ICICIBANK.NS,2026-03-17,505.74,509.43,502.97,507.46,9820171,2026-03-22 11:24:35.246924,yfinance,20260322_112435
ICICIBANK.NS,2026-03-18,519.18,524.72,507.87,524.38,8181669,2026-03-22 11:24:35.246924,yfinance,20260322_112435
ICICIBANK.NS,2026-03-19,545.72,552.56,539.48,546.38,6307265,2026-03-22 11:24:35.246924,yfinance,20260322_112435
ICICIBANK.NS,2026-03-20,570.89,579.5,570.8,573.43,4184571,2026-03-22 11:24:35.246924,yfinance,20260322_112435
HINDUNILVR.NS,2026-02-20,3046.82,3072.61,2982.24,3021.29,9029723,2026-03-22 11:24:35.246924,yfinance,20260322_112435
HINDUNILVR.NS,2026-02-23,2973.52,3046.2,2954.77,3035.7,6162030,2026-03-22 11:24:35.246924,yfinance,20260322_112435
HINDUNILVR.NS,2026-02-24,3089.97,3102.82,3081.47,3093.35,297922,2026-03-22 11:24:35.246924,yfinance,20260322_112435
HINDUNILVR.NS,2026-02-25,3074.56,3126.35,2984.24,3004.64,6751527,2026-03-22 11:24:35.246924,yfinance,20260322_112435
HINDUNILVR.NS,2026-02-26,2867.22,2887.9,2844.58,2875.12,4960242,2026-03-22 11:24:35.246924,yfinance,20260322_112435
HINDUNILVR.NS,2026-02-27,2921.15,2981.25,2869.71,2957.3,760605,2026-03-22 11:24:35.246924,yfinance,20260322_112435
HINDUNILVR.NS,2026-03-02,2962.32,2983.37,2891.33,2915.0,6576267,2026-03-22 11:24:35.246924,yfinance,20260322_112435
HINDUNILVR.NS,2026-03-03,2818.73,2875.98,2741.51,2857.13,7011082,2026-03-22 11:24:35.246924,yfinance,20260322_112435
HINDUNILVR.NS,2026-03-04,2835.05,2899.26,2786.76,2802.14,6890407,2026-03-22 11:24:35.246924,yfinance,20260322_112435
HINDUNILVR.NS,2026-03-05,2831.99,2840.05,2748.85,2831.73,8003000,2026-03-22 11:24:35.246924,yfinance,20260322_112435
HINDUNILVR.NS,2026-03-06,2745.49,2808.47,2686.94,2806.85,1146277,2026-03-22 11:24:35.246924,yfinance,20260322_112435
HINDUNILVR.NS,2026-03-09,2945.05,2963.63,2883.62,2963.37,9269890,2026-03-22 11:24:35.246924,yfinance,20260322_112435
HINDUNILVR.NS,2026-03-10,2849.19,2856.73,2778.46,2780.26,1404467,2026-03-22 11:24:35.246924,yfinance,20260322_112435
HINDUNILVR.NS,2026-03-11,2844.13,2889.78,2788.51,2850.9,3869542,2026-03-22 11:24:35.246924,yfinance,20260322_112435
HINDUNILVR.NS,2026-03-12,2850.72,2925.05,2845.92,2882.03,9603672,2026-03-22 11:24:35.246924,yfinance,20260322_112435
HINDUNILVR.NS,2026-03-13,2956.7,3015.93,2951.39,2963.64,1650325,2026-03-22 11:24:35.246924,yfinance,20260322_112435
HINDUNILVR.NS,2026-03-16,2936.05,2969.57,2885.04,2967.91,3335306,2026-03-22 11:24:35.246924,yfinance,20260322_112435
HINDUNILVR.NS,2026-03-17,2997.72,3040.49,2990.82,3028.51,211968,2026-03-22 11:24:35.246924,yfinance,20260322_112435
HINDUNILVR.NS,2026-03-18,3068.47,3122.61,3015.27,3060.73,2167218,2026-03-22 11:24:35.246924,yfinance,20260322_112435
HINDUNILVR.NS,2026-03-19,2974.02,2979.19,2891.16,2957.84,6247623,2026-03-22 11:24:35.246924,yfinance,20260322_112435
HINDUNILVR.NS,2026-03-20,2881.13,2895.69,2807.33,2874.42,1026237,2026-03-22 11:24:35.246924,yfinance,20260322_112435
ITC.NS,2026-02-20,4301.73,4364.25,4260.04,4283.95,9912687,2026-03-22 11:24:35.246924,yfinance,20260322_112435
ITC.NS,2026-02-23,4357.52,4434.28,4252.94,4316.08,5155187,2026-03-22 11:24:35.246924,yfinance,20260322_112435
ITC.NS,2026-02-24,4497.89,4594.38,4459.39,4499.22,6145001,2026-03-22 11:24:35.246924,yfinance,20260322_112435
ITC.NS,2026-02-25,4306.7,4377.56,4235.24,4250.92,7679877,2026-03-22 11:24:35.246924,yfinance,20260322_112435
ITC.NS,2026-02-26,4401.8,4530.61,4348.89,4494.01,852557,2026-03-22 11:24:35.246924,yfinance,20260322_112435
ITC.NS,2026-02-27,4583.5,4612.86,4542.62,4587.78,9055360,2026-03-22 11:24:35.246924,yfinance,20260322_112435
ITC.NS,2026-03-02,4397.98,4402.66,4310.63,4398.41,7821776,2026-03-22 11:24:35.246924,yfinance,20260322_112435
ITC.NS,2026-03-03,4527.27,4640.04,4474.46,4529.82,364417,2026-03-22 11:24:35.246924,yfinance,20260322_112435
ITC.NS,2026-03-04,4566.76,4676.45,4552.22,4575.34,8327156,2026-03-22 11:24:35.246924,yfinance,20260322_112435
ITC.NS,2026-03-05,4565.38,4640.31,4444.25,4451.0,9357416,2026-03-22 11:24:35.246924,yfinance,20260322_112435
ITC.NS,2026-03-06,4329.31,4429.39,4320.89,4334.51,2109650,2026-03-22 11:24:35.246924,yfinance,20260322_112435
ITC.NS,2026-03-09,4425.54,4536.75,4386.88,4436.57,9640245,2026-03-22 11:24:35.246924,yfinance,20260322_112435
ITC.NS,2026-03-10,4341.05,4468.31,4221.05,4442.7,3806466,2026-03-22 11:24:35.246924,yfinance,20260322_112435
ITC.NS,2026-03-11,4303.04,4310.16,4292.08,4296.35,3311486,2026-03-22 11:24:35.246924,yfinance,20260322_112435
ITC.NS,2026-03-12,4383.86,4472.21,4281.07,4333.74,934959,2026-03-22 11:24:35.246924,yfinance,20260322_112435
ITC.NS,2026-03-13,4495.92,4619.1,4457.82,4603.56,1145643,2026-03-22 11:24:35.246924,yfinance,20260322_112435
ITC.NS,2026-03-16,4497.81,4582.54,4465.69,4469.04,2103227,2026-03-22 11:24:35.246924,yfinance,20260322_112435
ITC.NS,2026-03-17,4600.56,4626.93,4559.59,4576.79,5692613,2026-03-22 11:24:35.246924,yfinance,20260322_112435
ITC.NS,2026-03-18,4448.08,4547.62,4406.4,4434.7,2719322,2026-03-22 11:24:35.246924,yfinance,20260322_112435
ITC.NS,2026-03-19,4247.77,4319.47,4150.11,4239.81,3146418,2026-03-22 11:24:35.246924,yfinance,20260322_112435
ITC.NS,2026-03-20,4085.56,4199.75,3998.99,4156.15,5110860,2026-03-22 11:24:35.246924,yfinance,20260322_112435
SBIN.NS,2026-02-20,2290.6,2347.8,2274.72,2317.63,7682709,2026-03-22 11:24:35.246924,yfinance,20260322_112435
SBIN.NS,2026-02-23,2408.2,2451.8,2343.8,2356.87,5327568,2026-03-22 11:24:35.246924,yfinance,20260322_112435
SBIN.NS,2026-02-24,2465.57,2537.12,2425.39,2473.97,323356,2026-03-22 11:24:35.246924,yfinance,20260322_112435
SBIN.NS,2026-02-25,2564.68,2624.19,2526.47,2580.19,1443757,2026-03-22 11:24:35.246924,yfinance,20260322_112435
SBIN.NS,2026-02-26,2468.83,2471.72,2398.07,2415.72,7215042,2026-03-22 11:24:35.246924,yfinance,20260322_112435
SBIN.NS,2026-02-27,2360.33,2394.21,2301.26,2338.45,6154823,2026-03-22 11:24:35.246924,yfinance,20260322_112435
SBIN.NS,2026-03-02,2415.24,2478.34,2394.08,2410.14,9484952,2026-03-22 11:24:35.246924,yfinance,20260322_112435
SBIN.NS,2026-03-03,2486.79,2523.15,2416.27,2500.87,715978,2026-03-22 11:24:35.246924,yfinance,20260322_112435
SBIN.NS,2026-03-04,2493.13,2523.94,2453.19,2465.58,7389531,2026-03-22 11:24:35.246924,yfinance,20260322_112435
SBIN.NS,2026-03-05,2502.87,2532.11,2471.77,2492.45,7631975,2026-03-22 11:24:35.246924,yfinance,20260322_112435
SBIN.NS,2026-03-06,2609.59,2612.45,2608.31,2610.79,6093881,2026-03-22 11:24:35.246924,yfinance,20260322_112435
SBIN.NS,2026-03-09,2714.32,2791.72,2654.82,2783.82,6899433,2026-03-22 11:24:35.246924,yfinance,20260322_112435
SBIN.NS,2026-03-10,2794.45,2860.71,2784.1,2856.96,9950115,2026-03-22 11:24:35.246924,yfinance,20260322_112435
SBIN.NS,2026-03-11,2890.84,2920.87,2805.61,2885.16,1473340,2026-03-22 11:24:35.246924,yfinance,20260322_112435
SBIN.NS,2026-03-12,2861.91,2871.53,2829.36,2866.25,5973856,2026-03-22 11:24:35.246924,yfinance,20260322_112435
SBIN.NS,2026-03-13,2820.86,2866.85,2780.45,2824.47,8944841,2026-03-22 11:24:35.246924,yfinance,20260322_112435
SBIN.NS,2026-03-16,2748.62,2821.57,2706.75,2769.84,3315771,2026-03-22 11:24:35.246924,yfinance,20260322_112435
SBIN.NS,2026-03-17,2815.91,2868.06,2805.48,2842.44,4020519,2026-03-22 11:24:35.246924,yfinance,20260322_112435
SBIN.NS,2026-03-18,2825.86,2909.78,2813.66,2883.4,1794727,2026-03-22 11:24:35.246924,yfinance,20260322_112435
SBIN.NS,2026-03-19,2860.32,2884.77,2794.38,2817.7,230145,2026-03-22 11:24:35.246924,yfinance,20260322_112435
SBIN.NS,2026-03-20,2830.25,2850.91,2773.94,2809.67,3801058,2026-03-22 11:24:35.246924,yfinance,20260322_112435
BHARTIARTL.NS,2026-02-20,1730.25,1779.5,1707.76,1743.12,9190456,2026-03-22 11:24:35.246924,yfinance,20260322_112435
BHARTIARTL.NS,2026-02-23,1732.9,1777.76,1687.33,1744.53,5621037,2026-03-22 11:24:35.246924,yfinance,20260322_112435
BHARTIARTL.NS,2026-02-24,1685.31,1697.75,1658.72,1671.08,8508676,2026-03-22 11:24:35.246924,yfinance,20260322_112435
BHARTIARTL.NS,2026-02-25,1705.66,1732.34,1692.62,1697.71,3486275,2026-03-22 11:24:35.246924,yfinance,20260322_112435
BHARTIARTL.NS,2026-02-26,1617.85,1645.29,1581.82,1587.56,4541859,2026-03-22 11:24:35.246924,yfinance,20260322_112435
BHARTIARTL.NS,2026-02-27,1652.66,1697.6,1640.34,1648.51,2339926,2026-03-22 11:24:35.246924,yfinance,20260322_112435
BHARTIARTL.NS,2026-03-02,1729.63,1743.3,1696.39,1729.52,2596717,2026-03-22 11:24:35.246924,yfinance,20260322_112435
BHARTIARTL.NS,2026-03-03,1718.01,1768.57,1690.73,1698.91,7337789,2026-03-22 11:24:35.246924,yfinance,20260322_112435
BHARTIARTL.NS,2026-03-04,1782.4,1820.82,1757.49,1807.24,3360292,2026-03-22 11:24:35.246924,yfinance,20260322_112435
BHARTIARTL.NS,2026-03-05,1819.2,1858.1,1769.36,1786.7,6304165,2026-03-22 11:24:35.246924,yfinance,20260322_112435
BHARTIARTL.NS,2026-03-06,1855.69,1889.44,1803.98,1856.6,6768229,2026-03-22 11:24:35.246924,yfinance,20260322_112435
BHARTIARTL.NS,2026-03-09,1911.91,1948.13,1898.36,1937.55,579522,2026-03-22 11:24:35.246924,yfinance,20260322_112435
BHARTIARTL.NS,2026-03-10,2000.02,2055.81,1951.43,2043.43,8667778,2026-03-22 11:24:35.246924,yfinance,20260322_112435
BHARTIARTL.NS,2026-03-11,2137.47,2198.12,2130.92,2154.08,7485202,2026-03-22 11:24:35.246924,yfinance,20260322_112435
BHARTIARTL.NS,2026-03-12,2213.63,2263.75,2194.19,2227.48,1790531,2026-03-22 11:24:35.246924,yfinance,20260322_112435
BHARTIARTL.NS,2026-03-13,2315.24,2379.69,2310.05,2313.92,4839719,2026-03-22 11:24:35.246924,yfinance,20260322_112435
BHARTIARTL.NS,2026-03-16,2419.06,2489.1,2398.18,2450.85,2684657,2026-03-22 11:24:35.246924,yfinance,20260322_112435
BHARTIARTL.NS,2026-03-17,2512.64,2541.87,2477.71,2532.86,111329,2026-03-22 11:24:35.246924,yfinance,20260322_112435
BHARTIARTL.NS,2026-03-18,2539.26,2590.15,2497.24,2567.94,8301776,2026-03-22 11:24:35.246924,yfinance,20260322_112435
BHARTIARTL.NS,2026-03-19,2598.32,2670.32,2592.7,2605.71,5764542,2026-03-22 11:24:35.246924,yfinance,20260322_112435
BHARTIARTL.NS,2026-03-20,2628.3,2645.14,2549.94,2566.68,7738344,2026-03-22 11:24:35.246924,yfinance,20260322_112435
KOTAKBANK.NS,2026-02-20,3968.24,4041.55,3852.39,3940.14,494170,2026-03-22 11:24:35.246924,yfinance,20260322_112435
KOTAKBANK.NS,2026-02-23,4092.77,4135.14,4042.51,4111.3,9649400,2026-03-22 11:24:35.246924,yfinance,20260322_112435
KOTAKBANK.NS,2026-02-24,4175.16,4216.91,4169.2,4200.09,3784360,2026-03-22 11:24:35.246924,yfinance,20260322_112435
KOTAKBANK.NS,2026-02-25,4289.49,4355.5,4215.3,4306.99,5948436,2026-03-22 11:24:35.246924,yfinance,20260322_112435
KOTAKBANK.NS,2026-02-26,4415.96,4537.37,4415.02,4451.02,4133629,2026-03-22 11:24:35.246924,yfinance,20260322_112435
KOTAKBANK.NS,2026-02-27,4589.28,4697.45,4580.9,4639.15,6716477,2026-03-22 11:24:35.246924,yfinance,20260322_112435
KOTAKBANK.NS,2026-03-02,4446.8,4455.12,4374.42,4385.11,8432106,2026-03-22 11:24:35.246924,yfinance,20260322_112435
KOTAKBANK.NS,2026-03-03,4461.44,4462.41,4399.07,4412.32,9704449,2026-03-22 11:24:35.246924,yfinance,20260322_112435
KOTAKBANK.NS,2026-03-04,4351.12,4454.95,4306.06,4421.89,3294366,2026-03-22 11:24:35.246924,yfinance,20260322_112435
KOTAKBANK.NS,2026-03-05,4570.01,4611.61,4546.7,4609.92,8184928,2026-03-22 11:24:35.246924,yfinance,20260322_112435
KOTAKBANK.NS,2026-03-06,4816.87,4922.35,4708.05,4832.49,838984,2026-03-22 11:24:35.246924,yfinance,20260322_112435
KOTAKBANK.NS,2026-03-09,5006.51,5010.82,4957.0,4958.15,1182979,2026-03-22 11:24:35.246924,yfinance,20260322_112435
KOTAKBANK.NS,2026-03-10,5181.19,5198.96,5055.13,5056.27,9106095,2026-03-22 11:24:35.246924,yfinance,20260322_112435
KOTAKBANK.NS,2026-03-11,5242.58,5295.56,5155.02,5246.0,7199868,2026-03-22 11:24:35.246924,yfinance,20260322_112435
KOTAKBANK.NS,2026-03-12,5016.81,5039.25,4986.42,5036.97,1899999,2026-03-22 11:24:35.246924,yfinance,20260322_112435
KOTAKBANK.NS,2026-03-13,4883.07,5005.75,4818.9,4936.14,7395214,2026-03-22 11:24:35.246924,yfinance,20260322_112435
KOTAKBANK.NS,2026-03-16,4869.39,4983.99,4864.5,4900.52,8939377,2026-03-22 11:24:35.246924,yfinance,20260322_112435
KOTAKBANK.NS,2026-03-17,4948.5,5066.75,4884.74,5058.68,4971452,2026-03-22 11:24:35.246924,yfinance,20260322_112435
KOTAKBANK.NS,2026-03-18,5132.01,5156.27,5098.9,5140.59,7696601,2026-03-22 11:24:35.246924,yfinance,20260322_112435
KOTAKBANK.NS,2026-03-19,4894.17,4936.14,4829.47,4907.19,6209551,2026-03-22 11:24:35.246924,yfinance,20260322_112435
KOTAKBANK.NS,2026-03-20,4898.78,5014.59,4775.92,4821.96,6384534,2026-03-22 11:24:35.246924,yfinance,20260322_112435
